{
  "exact_match": 0.0,
  "f1": 0.18662051363073812,
  "precision": 0.1999896495768735,
  "recall": 0.20934438860044888,
  "faithfulness": 0.5178571428571429,
  "mrr": 0.0,
  "recall@1": 0.0,
  "precision@1": 0.0,
  "recall@3": 0.0,
  "precision@3": 0.0,
  "recall@5": 0.0,
  "precision@5": 0.0,
  "recall@10": 0.0,
  "precision@10": 0.0,
  "num_evaluated": 28
}