{
  "exact_match": 0.0,
  "f1": 0.1523809583056512,
  "precision": 0.17469639589479388,
  "recall": 0.1658746028292831,
  "faithfulness": 0.3392857142857143,
  "mrr": 0.0,
  "recall@1": 0.0,
  "precision@1": 0.0,
  "recall@3": 0.0,
  "precision@3": 0.0,
  "recall@5": 0.0,
  "precision@5": 0.0,
  "recall@10": 0.0,
  "precision@10": 0.0,
  "num_evaluated": 28
}