{
  "exact_match": 0.0,
  "f1": 0.17425394089107554,
  "precision": 0.18978871834493286,
  "recall": 0.1869787818537309,
  "faithfulness": 0.44642857142857145,
  "mrr": 0.0,
  "recall@1": 0.0,
  "precision@1": 0.0,
  "recall@3": 0.0,
  "precision@3": 0.0,
  "recall@5": 0.0,
  "precision@5": 0.0,
  "recall@10": 0.0,
  "precision@10": 0.0,
  "num_evaluated": 28
}