{
  "exact_match": 0.0,
  "f1": 0.10439562686871584,
  "precision": 0.17429903050428855,
  "recall": 0.09131369129335515,
  "faithfulness": 0.147334,
  "mrr": 0.0,
  "recall@1": 0.0,
  "precision@1": 0.0,
  "recall@3": 0.0,
  "precision@3": 0.0,
  "recall@5": 0.0,
  "precision@5": 0.0,
  "recall@10": 0.0,
  "precision@10": 0.0,
  "num_evaluated": 1000
}