{
  "exact_match": 0.0,
  "f1": 0.19628634224205438,
  "precision": 0.21091698492868655,
  "recall": 0.21919180757982434,
  "faithfulness": 0.47617857142857145,
  "mrr": 0.0,
  "recall@1": 0.0,
  "precision@1": 0.0,
  "recall@3": 0.0,
  "precision@3": 0.0,
  "recall@5": 0.0,
  "precision@5": 0.0,
  "recall@10": 0.0,
  "precision@10": 0.0,
  "num_evaluated": 28
}